{
  "project_info": {
    "project_number": "724544466169",
    "project_id": "labequipmentmanager",
    "storage_bucket": "labequipmentmanager.firebasestorage.app"
  },
  "client": [
    {
      "client_info": {
        "mobilesdk_app_id": "1:724544466169:android:6d0aa288ae9cd806478628",
        "android_client_info": {
          "package_name": "com.example.labequipmentmanager"
        }
      },
      "oauth_client": [],
      "api_key": [
        {
          "current_key": "AIzaSyAynNrRRd4VlPhP2UypQYKWeZpMlEQZfZs"
        }
      ],
      "services": {
        "appinvite_service": {
          "other_platform_oauth_client": []
        }
      }
    }
  ],
  "configuration_version": "1"
}